episode_id,subject_id
S17E08,APPLE_FRAME
S08E13,AURORA_BOREALIS
S29E12,AURORA_BOREALIS
S03E11,BARN
S05E10,BARN
S05E13,BARN
S06E10,BARN
S07E07,BARN
S11E06,BARN
S11E09,BARN
S11E12,BARN
S15E03,BARN
S16E09,BARN
S19E12,BARN
S20E02,BARN
S22E05,BARN
S28E02,BARN
S28E07,BARN
S29E05,BARN
S31E12,BARN
S01E09,BEACH
S04E05,BEACH
S09E02,BEACH
S09E06,BEACH
S09E12,BEACH
S10E10,BEACH
S11E10,BEACH
S12E05,BEACH
S12E09,BEACH
S14E07,BEACH
S15E06,BEACH
S16E08,BEACH
S17E04,BEACH
S18E09,BEACH
S19E09,BEACH
S20E06,BEACH
S21E08,BEACH
S21E13,BEACH
S22E11,BEACH
S23E12,BEACH
S24E10,BEACH
S26E11,BEACH
S27E09,BEACH
S28E11,BEACH
S29E09,BEACH
S30E10,BEACH
S31E10,BEACH
S07E12,BOAT
S24E10,BOAT
S03E06,BRIDGE
S10E04,BRIDGE
S17E08,BRIDGE
S19E07,BRIDGE
S20E10,BRIDGE
S24E12,BRIDGE
S31E07,BRIDGE
S17E08,BUILDING
S01E01,BUSHES
S01E04,BUSHES
S01E08,BUSHES
S01E10,BUSHES
S01E13,BUSHES
S02E01,BUSHES
S02E04,BUSHES
S02E05,BUSHES
S02E06,BUSHES
S02E08,BUSHES
S02E11,BUSHES
S02E13,BUSHES
S03E01,BUSHES
S03E09,BUSHES
S03E10,BUSHES
S03E12,BUSHES
S04E02,BUSHES
S04E03,BUSHES
S04E06,BUSHES
S04E09,BUSHES
S04E10,BUSHES
S05E01,BUSHES
S05E11,BUSHES
S06E01,BUSHES
S06E02,BUSHES
S06E05,BUSHES
S06E08,BUSHES
S06E09,BUSHES
S06E12,BUSHES
S07E06,BUSHES
S07E08,BUSHES
S07E09,BUSHES
S07E11,BUSHES
S07E13,BUSHES
S08E02,BUSHES
S08E04,BUSHES
S08E06,BUSHES
S08E09,BUSHES
S09E03,BUSHES
S09E04,BUSHES
S09E05,BUSHES
S09E07,BUSHES
S09E09,BUSHES
S09E11,BUSHES
S09E12,BUSHES
S10E01,BUSHES
S10E06,BUSHES
S10E07,BUSHES
S10E09,BUSHES
S11E02,BUSHES
S11E04,BUSHES
S11E06,BUSHES
S11E07,BUSHES
S11E08,BUSHES
S11E13,BUSHES
S12E02,BUSHES
S12E04,BUSHES
S12E06,BUSHES
S12E07,BUSHES
S12E10,BUSHES
S12E11,BUSHES
S12E12,BUSHES
S13E01,BUSHES
S13E02,BUSHES
S13E04,BUSHES
S13E09,BUSHES
S13E10,BUSHES
S14E01,BUSHES
S14E05,BUSHES
S15E01,BUSHES
S15E10,BUSHES
S16E04,BUSHES
S16E05,BUSHES
S16E11,BUSHES
S18E01,BUSHES
S18E02,BUSHES
S18E06,BUSHES
S18E10,BUSHES
S19E05,BUSHES
S19E08,BUSHES
S19E13,BUSHES
S20E10,BUSHES
S20E13,BUSHES
S21E09,BUSHES
S22E01,BUSHES
S22E02,BUSHES
S22E06,BUSHES
S23E02,BUSHES
S23E05,BUSHES
S23E07,BUSHES
S23E09,BUSHES
S23E13,BUSHES
S24E01,BUSHES
S24E07,BUSHES
S24E11,BUSHES
S25E01,BUSHES
S25E05,BUSHES
S25E06,BUSHES
S25E13,BUSHES
S26E01,BUSHES
S26E04,BUSHES
S26E05,BUSHES
S27E04,BUSHES
S27E10,BUSHES
S28E01,BUSHES
S28E04,BUSHES
S28E08,BUSHES
S28E12,BUSHES
S29E01,BUSHES
S29E02,BUSHES
S29E03,BUSHES
S29E08,BUSHES
S29E11,BUSHES
S29E13,BUSHES
S30E01,BUSHES
S30E04,BUSHES
S30E11,BUSHES
S30E13,BUSHES
S31E02,BUSHES
S31E06,BUSHES
S01E02,CABIN
S01E03,CABIN
S01E06,CABIN
S02E04,CABIN
S03E01,CABIN
S03E04,CABIN
S03E09,CABIN
S04E01,CABIN
S04E04,CABIN
S04E07,CABIN
S06E02,CABIN
S06E09,CABIN
S07E01,CABIN
S07E04,CABIN
S08E02,CABIN
S08E03,CABIN
S08E05,CABIN
S08E07,CABIN
S08E12,CABIN
S08E13,CABIN
S09E05,CABIN
S09E08,CABIN
S10E02,CABIN
S10E11,CABIN
S10E13,CABIN
S11E02,CABIN
S12E01,CABIN
S12E06,CABIN
S13E02,CABIN
S13E04,CABIN
S13E11,CABIN
S15E05,CABIN
S15E07,CABIN
S15E09,CABIN
S15E11,CABIN
S16E02,CABIN
S16E03,CABIN
S17E02,CABIN
S17E05,CABIN
S18E03,CABIN
S19E04,CABIN
S20E10,CABIN
S20E12,CABIN
S21E05,CABIN
S21E07,CABIN
S22E08,CABIN
S22E09,CABIN
S23E01,CABIN
S23E09,CABIN
S23E11,CABIN
S24E03,CABIN
S24E04,CABIN
S24E13,CABIN
S25E11,CABIN
S26E02,CABIN
S26E06,CABIN
S27E06,CABIN
S27E07,CABIN
S27E08,CABIN
S27E11,CABIN
S28E13,CABIN
S29E08,CABIN
S29E11,CABIN
S29E12,CABIN
S30E03,CABIN
S30E08,CABIN
S30E12,CABIN
S31E02,CABIN
S31E05,CABIN
S08E10,CACTUS
S18E12,CACTUS
S21E11,CACTUS
S25E12,CACTUS
S04E04,CIRCLE_FRAME
S08E02,CIRCLE_FRAME
S01E12,CIRRUS
S02E08,CIRRUS
S02E09,CIRRUS
S03E05,CIRRUS
S06E07,CIRRUS
S06E10,CIRRUS
S06E11,CIRRUS
S07E03,CIRRUS
S08E05,CIRRUS
S09E01,CIRRUS
S09E13,CIRRUS
S10E09,CIRRUS
S11E09,CIRRUS
S12E06,CIRRUS
S12E09,CIRRUS
S13E03,CIRRUS
S13E04,CIRRUS
S14E04,CIRRUS
S14E06,CIRRUS
S14E10,CIRRUS
S15E01,CIRRUS
S15E05,CIRRUS
S15E13,CIRRUS
S18E09,CIRRUS
S18E12,CIRRUS
S20E07,CIRRUS
S25E12,CIRRUS
S30E09,CIRRUS
S03E08,CLIFF
S04E05,CLIFF
S09E02,CLIFF
S20E06,CLIFF
S21E08,CLIFF
S22E08,CLIFF
S23E12,CLIFF
S24E08,CLIFF
S01E02,CLOUDS
S01E04,CLOUDS
S01E09,CLOUDS
S01E12,CLOUDS
S02E03,CLOUDS
S02E04,CLOUDS
S02E06,CLOUDS
S02E07,CLOUDS
S02E08,CLOUDS
S02E11,CLOUDS
S02E13,CLOUDS
S03E02,CLOUDS
S03E05,CLOUDS
S03E08,CLOUDS
S03E09,CLOUDS
S03E13,CLOUDS
S04E02,CLOUDS
S04E04,CLOUDS
S04E05,CLOUDS
S04E09,CLOUDS
S04E11,CLOUDS
S05E01,CLOUDS
S05E02,CLOUDS
S05E06,CLOUDS
S05E10,CLOUDS
S05E11,CLOUDS
S05E13,CLOUDS
S06E02,CLOUDS
S06E03,CLOUDS
S06E06,CLOUDS
S06E07,CLOUDS
S06E09,CLOUDS
S06E10,CLOUDS
S06E11,CLOUDS
S06E12,CLOUDS
S06E13,CLOUDS
S07E01,CLOUDS
S07E02,CLOUDS
S07E03,CLOUDS
S07E04,CLOUDS
S07E06,CLOUDS
S07E07,CLOUDS
S07E09,CLOUDS
S07E10,CLOUDS
S07E11,CLOUDS
S07E12,CLOUDS
S08E02,CLOUDS
S08E05,CLOUDS
S08E06,CLOUDS
S08E09,CLOUDS
S08E10,CLOUDS
S08E11,CLOUDS
S08E12,CLOUDS
S09E01,CLOUDS
S09E02,CLOUDS
S09E03,CLOUDS
S09E04,CLOUDS
S09E06,CLOUDS
S09E09,CLOUDS
S09E11,CLOUDS
S09E12,CLOUDS
S09E13,CLOUDS
S10E01,CLOUDS
S10E02,CLOUDS
S10E03,CLOUDS
S10E05,CLOUDS
S10E06,CLOUDS
S10E09,CLOUDS
S10E10,CLOUDS
S10E12,CLOUDS
S10E13,CLOUDS
S11E02,CLOUDS
S11E04,CLOUDS
S11E05,CLOUDS
S11E06,CLOUDS
S11E07,CLOUDS
S11E08,CLOUDS
S11E09,CLOUDS
S11E10,CLOUDS
S11E11,CLOUDS
S11E12,CLOUDS
S12E02,CLOUDS
S12E03,CLOUDS
S12E05,CLOUDS
S12E06,CLOUDS
S12E07,CLOUDS
S12E09,CLOUDS
S12E10,CLOUDS
S12E12,CLOUDS
S13E02,CLOUDS
S13E03,CLOUDS
S13E04,CLOUDS
S13E05,CLOUDS
S13E07,CLOUDS
S13E08,CLOUDS
S13E10,CLOUDS
S13E12,CLOUDS
S14E01,CLOUDS
S14E04,CLOUDS
S14E05,CLOUDS
S14E06,CLOUDS
S14E07,CLOUDS
S14E09,CLOUDS
S14E10,CLOUDS
S14E12,CLOUDS
S14E13,CLOUDS
S15E01,CLOUDS
S15E02,CLOUDS
S15E05,CLOUDS
S15E06,CLOUDS
S15E07,CLOUDS
S15E08,CLOUDS
S15E09,CLOUDS
S15E13,CLOUDS
S16E01,CLOUDS
S16E03,CLOUDS
S16E04,CLOUDS
S16E05,CLOUDS
S16E08,CLOUDS
S16E10,CLOUDS
S16E12,CLOUDS
S17E04,CLOUDS
S17E06,CLOUDS
S18E01,CLOUDS
S18E02,CLOUDS
S18E03,CLOUDS
S18E08,CLOUDS
S18E09,CLOUDS
S18E12,CLOUDS
S19E02,CLOUDS
S19E09,CLOUDS
S19E11,CLOUDS
S19E13,CLOUDS
S20E01,CLOUDS
S20E05,CLOUDS
S20E06,CLOUDS
S20E07,CLOUDS
S20E09,CLOUDS
S21E03,CLOUDS
S21E08,CLOUDS
S21E10,CLOUDS
S21E11,CLOUDS
S22E01,CLOUDS
S22E04,CLOUDS
S22E10,CLOUDS
S22E11,CLOUDS
S23E03,CLOUDS
S23E04,CLOUDS
S23E12,CLOUDS
S24E05,CLOUDS
S24E06,CLOUDS
S24E10,CLOUDS
S24E13,CLOUDS
S25E05,CLOUDS
S25E09,CLOUDS
S25E10,CLOUDS
S25E12,CLOUDS
S26E03,CLOUDS
S26E06,CLOUDS
S26E11,CLOUDS
S26E12,CLOUDS
S27E04,CLOUDS
S27E07,CLOUDS
S27E09,CLOUDS
S28E03,CLOUDS
S28E11,CLOUDS
S28E13,CLOUDS
S29E06,CLOUDS
S29E09,CLOUDS
S29E11,CLOUDS
S30E03,CLOUDS
S30E06,CLOUDS
S30E08,CLOUDS
S30E09,CLOUDS
S30E10,CLOUDS
S31E02,CLOUDS
S31E03,CLOUDS
S31E08,CLOUDS
S31E11,CLOUDS
S01E02,CONIFER
S01E03,CONIFER
S01E04,CONIFER
S01E06,CONIFER
S01E08,CONIFER
S01E10,CONIFER
S01E12,CONIFER
S01E13,CONIFER
S02E01,CONIFER
S02E02,CONIFER
S02E04,CONIFER
S02E07,CONIFER
S02E08,CONIFER
S02E11,CONIFER
S02E13,CONIFER
S03E01,CONIFER
S03E04,CONIFER
S03E05,CONIFER
S03E12,CONIFER
S03E13,CONIFER
S04E01,CONIFER
S04E03,CONIFER
S04E04,CONIFER
S04E05,CONIFER
S04E08,CONIFER
S04E09,CONIFER
S04E10,CONIFER
S04E11,CONIFER
S04E13,CONIFER
S05E01,CONIFER
S05E03,CONIFER
S05E04,CONIFER
S06E01,CONIFER
S06E03,CONIFER
S06E06,CONIFER
S06E07,CONIFER
S06E08,CONIFER
S06E09,CONIFER
S06E13,CONIFER
S07E03,CONIFER
S07E04,CONIFER
S07E10,CONIFER
S08E01,CONIFER
S08E05,CONIFER
S08E06,CONIFER
S08E07,CONIFER
S08E08,CONIFER
S08E09,CONIFER
S08E11,CONIFER
S08E12,CONIFER
S08E13,CONIFER
S09E01,CONIFER
S09E03,CONIFER
S09E04,CONIFER
S09E05,CONIFER
S09E07,CONIFER
S09E13,CONIFER
S10E01,CONIFER
S10E02,CONIFER
S10E03,CONIFER
S10E06,CONIFER
S10E09,CONIFER
S10E11,CONIFER
S10E12,CONIFER
S11E01,CONIFER
S11E02,CONIFER
S11E03,CONIFER
S11E05,CONIFER
S11E07,CONIFER
S11E08,CONIFER
S11E11,CONIFER
S12E02,CONIFER
S12E03,CONIFER
S12E06,CONIFER
S12E07,CONIFER
S12E08,CONIFER
S12E10,CONIFER
S12E11,CONIFER
S12E12,CONIFER
S12E13,CONIFER
S13E02,CONIFER
S13E04,CONIFER
S13E07,CONIFER
S13E08,CONIFER
S13E10,CONIFER
S13E11,CONIFER
S13E12,CONIFER
S13E13,CONIFER
S14E01,CONIFER
S14E02,CONIFER
S14E03,CONIFER
S14E05,CONIFER
S14E06,CONIFER
S14E08,CONIFER
S14E13,CONIFER
S15E01,CONIFER
S15E05,CONIFER
S15E07,CONIFER
S15E09,CONIFER
S15E13,CONIFER
S16E01,CONIFER
S16E03,CONIFER
S16E04,CONIFER
S16E05,CONIFER
S16E07,CONIFER
S16E09,CONIFER
S17E01,CONIFER
S17E06,CONIFER
S17E07,CONIFER
S17E09,CONIFER
S17E12,CONIFER
S18E01,CONIFER
S18E03,CONIFER
S18E06,CONIFER
S19E04,CONIFER
S19E05,CONIFER
S19E07,CONIFER
S19E08,CONIFER
S19E12,CONIFER
S19E13,CONIFER
S20E01,CONIFER
S20E02,CONIFER
S20E03,CONIFER
S20E05,CONIFER
S20E07,CONIFER
S20E09,CONIFER
S20E10,CONIFER
S20E12,CONIFER
S20E13,CONIFER
S21E01,CONIFER
S21E02,CONIFER
S21E03,CONIFER
S21E06,CONIFER
S21E07,CONIFER
S21E09,CONIFER
S21E10,CONIFER
S21E12,CONIFER
S22E02,CONIFER
S22E03,CONIFER
S22E07,CONIFER
S22E09,CONIFER
S22E10,CONIFER
S22E12,CONIFER
S22E13,CONIFER
S23E01,CONIFER
S23E03,CONIFER
S23E05,CONIFER
S23E07,CONIFER
S23E08,CONIFER
S23E10,CONIFER
S23E11,CONIFER
S24E01,CONIFER
S24E04,CONIFER
S24E05,CONIFER
S24E06,CONIFER
S24E09,CONIFER
S24E11,CONIFER
S24E12,CONIFER
S24E13,CONIFER
S25E01,CONIFER
S25E03,CONIFER
S25E05,CONIFER
S25E06,CONIFER
S25E09,CONIFER
S25E11,CONIFER
S26E01,CONIFER
S26E03,CONIFER
S26E05,CONIFER
S26E06,CONIFER
S26E08,CONIFER
S26E12,CONIFER
S26E13,CONIFER
S27E01,CONIFER
S27E02,CONIFER
S27E04,CONIFER
S27E05,CONIFER
S27E06,CONIFER
S27E07,CONIFER
S27E08,CONIFER
S27E11,CONIFER
S27E13,CONIFER
S28E01,CONIFER
S28E02,CONIFER
S28E03,CONIFER
S28E06,CONIFER
S28E09,CONIFER
S28E12,CONIFER
S29E01,CONIFER
S29E02,CONIFER
S29E03,CONIFER
S29E06,CONIFER
S29E08,CONIFER
S29E11,CONIFER
S29E12,CONIFER
S29E13,CONIFER
S30E03,CONIFER
S30E05,CONIFER
S30E06,CONIFER
S30E07,CONIFER
S30E08,CONIFER
S30E09,CONIFER
S30E11,CONIFER
S30E12,CONIFER
S30E13,CONIFER
S31E01,CONIFER
S31E02,CONIFER
S31E03,CONIFER
S31E05,CONIFER
S31E06,CONIFER
S31E09,CONIFER
S31E11,CONIFER
S31E12,CONIFER
S02E01,CUMULUS
S02E03,CUMULUS
S02E04,CUMULUS
S02E06,CUMULUS
S02E07,CUMULUS
S02E09,CUMULUS
S02E11,CUMULUS
S02E13,CUMULUS
S03E02,CUMULUS
S03E08,CUMULUS
S03E09,CUMULUS
S03E13,CUMULUS
S04E02,CUMULUS
S04E04,CUMULUS
S04E05,CUMULUS
S04E11,CUMULUS
S05E01,CUMULUS
S05E02,CUMULUS
S05E11,CUMULUS
S06E06,CUMULUS
S06E09,CUMULUS
S07E04,CUMULUS
S07E06,CUMULUS
S07E07,CUMULUS
S07E09,CUMULUS
S07E12,CUMULUS
S08E11,CUMULUS
S09E02,CUMULUS
S09E04,CUMULUS
S09E06,CUMULUS
S09E11,CUMULUS
S09E12,CUMULUS
S10E01,CUMULUS
S10E05,CUMULUS
S10E06,CUMULUS
S10E13,CUMULUS
S11E05,CUMULUS
S11E06,CUMULUS
S11E07,CUMULUS
S11E08,CUMULUS
S11E12,CUMULUS
S12E02,CUMULUS
S12E03,CUMULUS
S12E05,CUMULUS
S12E07,CUMULUS
S12E12,CUMULUS
S13E07,CUMULUS
S13E08,CUMULUS
S13E10,CUMULUS
S14E01,CUMULUS
S14E05,CUMULUS
S14E07,CUMULUS
S14E09,CUMULUS
S14E13,CUMULUS
S15E02,CUMULUS
S15E06,CUMULUS
S15E08,CUMULUS
S15E09,CUMULUS
S16E01,CUMULUS
S16E04,CUMULUS
S16E05,CUMULUS
S16E12,CUMULUS
S17E04,CUMULUS
S17E13,CUMULUS
S18E01,CUMULUS
S18E02,CUMULUS
S18E08,CUMULUS
S19E02,CUMULUS
S19E09,CUMULUS
S19E11,CUMULUS
S19E13,CUMULUS
S20E01,CUMULUS
S20E05,CUMULUS
S20E09,CUMULUS
S21E08,CUMULUS
S21E10,CUMULUS
S22E01,CUMULUS
S22E10,CUMULUS
S23E03,CUMULUS
S25E09,CUMULUS
S26E11,CUMULUS
S27E07,CUMULUS
S28E11,CUMULUS
S29E06,CUMULUS
S30E06,CUMULUS
S30E08,CUMULUS
S01E01,DECIDUOUS
S01E05,DECIDUOUS
S01E07,DECIDUOUS
S01E10,DECIDUOUS
S01E11,DECIDUOUS
S01E13,DECIDUOUS
S02E01,DECIDUOUS
S02E03,DECIDUOUS
S02E04,DECIDUOUS
S02E05,DECIDUOUS
S02E06,DECIDUOUS
S02E09,DECIDUOUS
S02E10,DECIDUOUS
S02E11,DECIDUOUS
S02E12,DECIDUOUS
S03E01,DECIDUOUS
S03E03,DECIDUOUS
S03E05,DECIDUOUS
S03E06,DECIDUOUS
S03E07,DECIDUOUS
S03E09,DECIDUOUS
S03E10,DECIDUOUS
S03E11,DECIDUOUS
S03E12,DECIDUOUS
S03E13,DECIDUOUS
S04E02,DECIDUOUS
S04E04,DECIDUOUS
S04E06,DECIDUOUS
S04E07,DECIDUOUS
S04E08,DECIDUOUS
S04E12,DECIDUOUS
S05E02,DECIDUOUS
S05E04,DECIDUOUS
S05E05,DECIDUOUS
S05E07,DECIDUOUS
S05E08,DECIDUOUS
S05E10,DECIDUOUS
S05E11,DECIDUOUS
S05E13,DECIDUOUS
S06E01,DECIDUOUS
S06E02,DECIDUOUS
S06E04,DECIDUOUS
S06E05,DECIDUOUS
S06E11,DECIDUOUS
S06E12,DECIDUOUS
S06E13,DECIDUOUS
S07E01,DECIDUOUS
S07E02,DECIDUOUS
S07E03,DECIDUOUS
S07E04,DECIDUOUS
S07E06,DECIDUOUS
S07E07,DECIDUOUS
S07E08,DECIDUOUS
S07E09,DECIDUOUS
S07E12,DECIDUOUS
S07E13,DECIDUOUS
S08E02,DECIDUOUS
S08E03,DECIDUOUS
S08E04,DECIDUOUS
S08E05,DECIDUOUS
S08E07,DECIDUOUS
S08E08,DECIDUOUS
S08E11,DECIDUOUS
S08E13,DECIDUOUS
S09E04,DECIDUOUS
S09E07,DECIDUOUS
S09E08,DECIDUOUS
S09E11,DECIDUOUS
S09E12,DECIDUOUS
S09E13,DECIDUOUS
S10E01,DECIDUOUS
S10E03,DECIDUOUS
S10E04,DECIDUOUS
S10E06,DECIDUOUS
S10E07,DECIDUOUS
S10E08,DECIDUOUS
S10E09,DECIDUOUS
S10E11,DECIDUOUS
S10E12,DECIDUOUS
S10E13,DECIDUOUS
S11E02,DECIDUOUS
S11E04,DECIDUOUS
S11E06,DECIDUOUS
S11E07,DECIDUOUS
S11E08,DECIDUOUS
S11E09,DECIDUOUS
S11E12,DECIDUOUS
S11E13,DECIDUOUS
S12E01,DECIDUOUS
S12E03,DECIDUOUS
S12E04,DECIDUOUS
S12E06,DECIDUOUS
S12E07,DECIDUOUS
S12E10,DECIDUOUS
S12E12,DECIDUOUS
S13E01,DECIDUOUS
S13E03,DECIDUOUS
S13E04,DECIDUOUS
S13E05,DECIDUOUS
S13E06,DECIDUOUS
S13E09,DECIDUOUS
S13E10,DECIDUOUS
S13E11,DECIDUOUS
S14E03,DECIDUOUS
S14E04,DECIDUOUS
S14E06,DECIDUOUS
S14E09,DECIDUOUS
S14E10,DECIDUOUS
S14E11,DECIDUOUS
S14E12,DECIDUOUS
S14E13,DECIDUOUS
S15E01,DECIDUOUS
S15E02,DECIDUOUS
S15E03,DECIDUOUS
S15E07,DECIDUOUS
S15E08,DECIDUOUS
S15E10,DECIDUOUS
S15E11,DECIDUOUS
S15E12,DECIDUOUS
S16E01,DECIDUOUS
S16E02,DECIDUOUS
S16E03,DECIDUOUS
S16E10,DECIDUOUS
S16E11,DECIDUOUS
S16E13,DECIDUOUS
S17E02,DECIDUOUS
S17E03,DECIDUOUS
S17E05,DECIDUOUS
S17E06,DECIDUOUS
S17E08,DECIDUOUS
S17E09,DECIDUOUS
S17E10,DECIDUOUS
S17E11,DECIDUOUS
S18E02,DECIDUOUS
S18E04,DECIDUOUS
S18E05,DECIDUOUS
S18E07,DECIDUOUS
S18E08,DECIDUOUS
S18E10,DECIDUOUS
S18E11,DECIDUOUS
S18E13,DECIDUOUS
S19E01,DECIDUOUS
S19E02,DECIDUOUS
S19E03,DECIDUOUS
S19E06,DECIDUOUS
S19E08,DECIDUOUS
S19E10,DECIDUOUS
S19E11,DECIDUOUS
S19E12,DECIDUOUS
S20E01,DECIDUOUS
S20E03,DECIDUOUS
S20E04,DECIDUOUS
S20E08,DECIDUOUS
S20E10,DECIDUOUS
S20E11,DECIDUOUS
S20E12,DECIDUOUS
S21E02,DECIDUOUS
S21E04,DECIDUOUS
S21E05,DECIDUOUS
S21E08,DECIDUOUS
S22E01,DECIDUOUS
S22E04,DECIDUOUS
S22E05,DECIDUOUS
S22E06,DECIDUOUS
S22E08,DECIDUOUS
S23E01,DECIDUOUS
S23E02,DECIDUOUS
S23E04,DECIDUOUS
S23E05,DECIDUOUS
S23E06,DECIDUOUS
S23E07,DECIDUOUS
S23E09,DECIDUOUS
S23E10,DECIDUOUS
S23E11,DECIDUOUS
S23E13,DECIDUOUS
S24E02,DECIDUOUS
S24E03,DECIDUOUS
S24E04,DECIDUOUS
S24E05,DECIDUOUS
S24E07,DECIDUOUS
S24E08,DECIDUOUS
S24E09,DECIDUOUS
S24E12,DECIDUOUS
S24E13,DECIDUOUS
S25E02,DECIDUOUS
S25E04,DECIDUOUS
S25E07,DECIDUOUS
S25E08,DECIDUOUS
S25E09,DECIDUOUS
S25E13,DECIDUOUS
S26E02,DECIDUOUS
S26E04,DECIDUOUS
S26E05,DECIDUOUS
S26E07,DECIDUOUS
S26E08,DECIDUOUS
S26E09,DECIDUOUS
S27E01,DECIDUOUS
S27E03,DECIDUOUS
S27E06,DECIDUOUS
S27E08,DECIDUOUS
S27E10,DECIDUOUS
S27E11,DECIDUOUS
S27E12,DECIDUOUS
S28E02,DECIDUOUS
S28E04,DECIDUOUS
S28E05,DECIDUOUS
S28E07,DECIDUOUS
S28E08,DECIDUOUS
S28E10,DECIDUOUS
S28E13,DECIDUOUS
S29E04,DECIDUOUS
S29E05,DECIDUOUS
S29E07,DECIDUOUS
S29E08,DECIDUOUS
S30E01,DECIDUOUS
S30E02,DECIDUOUS
S30E04,DECIDUOUS
S30E05,DECIDUOUS
S30E07,DECIDUOUS
S30E09,DECIDUOUS
S30E12,DECIDUOUS
S31E04,DECIDUOUS
S31E07,DECIDUOUS
S31E08,DECIDUOUS
S31E11,DECIDUOUS
S31E12,DECIDUOUS
S31E13,DECIDUOUS
S04E11,DIANE_ANDRE
S07E12,DOCK
S16E05,DOUBLE_OVAL_FRAME
S27E05,FARM
S01E03,FENCE
S01E09,FENCE
S03E11,FENCE
S06E10,FENCE
S08E07,FENCE
S09E08,FENCE
S10E02,FENCE
S11E03,FENCE
S11E12,FENCE
S14E04,FENCE
S15E03,FENCE
S16E09,FENCE
S17E02,FENCE
S19E07,FENCE
S19E12,FENCE
S20E02,FENCE
S23E01,FENCE
S24E13,FENCE
S25E07,FENCE
S25E13,FENCE
S26E02,FENCE
S27E05,FENCE
S27E08,FENCE
S28E05,FENCE
S03E10,FIRE
S21E13,FLORIDA_FRAME
S05E03,FLOWERS
S11E03,FLOWERS
S16E12,FLOWERS
S17E05,FLOWERS
S17E09,FLOWERS
S17E13,FLOWERS
S21E04,FLOWERS
S22E01,FLOWERS
S22E03,FLOWERS
S26E05,FLOWERS
S27E06,FLOWERS
S29E10,FLOWERS
S06E02,FOG
S06E03,FOG
S08E01,FOG
S09E05,FOG
S12E01,FOG
S14E05,FOG
S14E12,FOG
S16E01,FOG
S16E04,FOG
S17E01,FOG
S17E11,FOG
S18E07,FOG
S20E04,FOG
S20E13,FOG
S21E02,FOG
S25E06,FOG
S26E01,FOG
S27E01,FOG
S27E08,FOG
S27E13,FOG
S28E09,FOG
S28E10,FOG
S31E12,FOG
S04E04,FRAMED
S08E02,FRAMED
S08E09,FRAMED
S09E05,FRAMED
S10E09,FRAMED
S10E11,FRAMED
S11E06,FRAMED
S11E08,FRAMED
S12E12,FRAMED
S13E03,FRAMED
S13E12,FRAMED
S14E03,FRAMED
S14E05,FRAMED
S14E09,FRAMED
S14E12,FRAMED
S15E05,FRAMED
S15E10,FRAMED
S16E05,FRAMED
S16E09,FRAMED
S16E13,FRAMED
S17E01,FRAMED
S17E05,FRAMED
S17E08,FRAMED
S18E01,FRAMED
S18E08,FRAMED
S18E10,FRAMED
S19E03,FRAMED
S19E07,FRAMED
S20E04,FRAMED
S21E05,FRAMED
S21E11,FRAMED
S22E04,FRAMED
S22E07,FRAMED
S22E09,FRAMED
S22E11,FRAMED
S23E04,FRAMED
S23E09,FRAMED
S23E13,FRAMED
S24E04,FRAMED
S24E09,FRAMED
S24E10,FRAMED
S25E02,FRAMED
S25E10,FRAMED
S26E08,FRAMED
S27E01,FRAMED
S27E06,FRAMED
S27E09,FRAMED
S29E02,FRAMED
S29E03,FRAMED
S30E02,FRAMED
S30E07,FRAMED
S31E05,FRAMED
S31E10,FRAMED
S01E01,GRASS
S01E13,GRASS
S02E01,GRASS
S02E05,GRASS
S02E06,GRASS
S02E07,GRASS
S02E10,GRASS
S02E11,GRASS
S02E12,GRASS
S03E03,GRASS
S04E02,GRASS
S04E03,GRASS
S04E07,GRASS
S04E08,GRASS
S04E10,GRASS
S04E12,GRASS
S04E13,GRASS
S05E02,GRASS
S05E05,GRASS
S05E06,GRASS
S05E07,GRASS
S05E08,GRASS
S05E11,GRASS
S05E13,GRASS
S06E01,GRASS
S06E02,GRASS
S06E04,GRASS
S06E06,GRASS
S06E07,GRASS
S06E09,GRASS
S06E10,GRASS
S06E13,GRASS
S07E02,GRASS
S07E10,GRASS
S08E01,GRASS
S08E02,GRASS
S08E03,GRASS
S08E04,GRASS
S08E06,GRASS
S08E08,GRASS
S09E04,GRASS
S09E11,GRASS
S09E13,GRASS
S10E02,GRASS
S10E03,GRASS
S10E11,GRASS
S10E13,GRASS
S11E01,GRASS
S11E05,GRASS
S11E07,GRASS
S11E13,GRASS
S12E01,GRASS
S12E03,GRASS
S12E06,GRASS
S12E07,GRASS
S12E08,GRASS
S12E10,GRASS
S12E11,GRASS
S12E12,GRASS
S13E01,GRASS
S13E03,GRASS
S13E05,GRASS
S13E06,GRASS
S13E08,GRASS
S13E13,GRASS
S14E02,GRASS
S14E03,GRASS
S14E07,GRASS
S14E11,GRASS
S14E12,GRASS
S14E13,GRASS
S15E02,GRASS
S15E03,GRASS
S15E07,GRASS
S15E08,GRASS
S15E10,GRASS
S15E11,GRASS
S15E13,GRASS
S16E02,GRASS
S16E12,GRASS
S17E02,GRASS
S17E03,GRASS
S17E09,GRASS
S17E12,GRASS
S17E13,GRASS
S18E02,GRASS
S18E04,GRASS
S18E05,GRASS
S18E07,GRASS
S19E02,GRASS
S19E05,GRASS
S19E06,GRASS
S19E08,GRASS
S19E13,GRASS
S20E02,GRASS
S20E08,GRASS
S21E12,GRASS
S22E04,GRASS
S22E06,GRASS
S22E08,GRASS
S22E13,GRASS
S23E02,GRASS
S23E03,GRASS
S23E06,GRASS
S23E08,GRASS
S23E09,GRASS
S23E10,GRASS
S24E04,GRASS
S24E05,GRASS
S24E10,GRASS
S24E12,GRASS
S25E09,GRASS
S26E01,GRASS
S26E02,GRASS
S26E03,GRASS
S26E04,GRASS
S26E05,GRASS
S26E08,GRASS
S27E04,GRASS
S27E10,GRASS
S27E12,GRASS
S28E05,GRASS
S28E06,GRASS
S28E07,GRASS
S28E10,GRASS
S28E12,GRASS
S28E13,GRASS
S29E03,GRASS
S29E04,GRASS
S29E05,GRASS
S29E07,GRASS
S29E09,GRASS
S30E01,GRASS
S30E02,GRASS
S30E08,GRASS
S30E12,GRASS
S31E03,GRASS
S31E04,GRASS
S31E06,GRASS
S31E09,GRASS
S31E11,GRASS
S31E13,GRASS
S03E13,GUEST
S04E04,GUEST
S04E11,GUEST
S05E03,GUEST
S05E06,GUEST
S05E09,GUEST
S05E12,GUEST
S07E05,GUEST
S07E09,GUEST
S08E11,GUEST
S10E09,GUEST
S14E10,GUEST
S16E06,GUEST
S16E10,GUEST
S17E09,GUEST
S17E13,GUEST
S24E09,GUEST
S25E05,GUEST
S27E10,GUEST
S29E10,GUEST
S30E09,GUEST
S31E11,GUEST
S18E08,HALF_CIRCLE_FRAME
S18E01,HALF_OVAL_FRAME
S03E05,HILLS
S04E12,HILLS
S06E01,HILLS
S06E13,HILLS
S10E01,HILLS
S10E03,HILLS
S13E01,HILLS
S16E10,HILLS
S17E09,HILLS
S17E13,HILLS
S22E04,HILLS
S23E01,HILLS
S23E05,HILLS
S24E10,HILLS
S26E11,HILLS
S27E09,HILLS
S28E02,HILLS
S30E06,HILLS
S01E04,LAKE
S01E06,LAKE
S01E07,LAKE
S01E08,LAKE
S01E10,LAKE
S01E11,LAKE
S01E12,LAKE
S02E01,LAKE
S02E02,LAKE
S02E04,LAKE
S02E05,LAKE
S02E07,LAKE
S02E08,LAKE
S02E12,LAKE
S02E13,LAKE
S03E01,LAKE
S03E05,LAKE
S03E07,LAKE
S03E10,LAKE
S03E11,LAKE
S03E12,LAKE
S03E13,LAKE
S04E01,LAKE
S04E02,LAKE
S04E04,LAKE
S04E06,LAKE
S04E08,LAKE
S04E09,LAKE
S04E12,LAKE
S04E13,LAKE
S05E01,LAKE
S05E02,LAKE
S05E04,LAKE
S05E05,LAKE
S05E11,LAKE
S06E02,LAKE
S06E03,LAKE
S06E08,LAKE
S06E12,LAKE
S07E02,LAKE
S07E06,LAKE
S07E09,LAKE
S07E11,LAKE
S07E12,LAKE
S08E02,LAKE
S08E04,LAKE
S08E11,LAKE
S08E13,LAKE
S09E03,LAKE
S10E01,LAKE
S10E06,LAKE
S10E08,LAKE
S10E09,LAKE
S10E13,LAKE
S11E07,LAKE
S11E08,LAKE
S11E11,LAKE
S11E12,LAKE
S12E03,LAKE
S12E06,LAKE
S13E01,LAKE
S13E02,LAKE
S13E09,LAKE
S13E11,LAKE
S13E13,LAKE
S14E01,LAKE
S14E10,LAKE
S14E11,LAKE
S14E13,LAKE
S15E05,LAKE
S15E07,LAKE
S15E12,LAKE
S15E13,LAKE
S16E01,LAKE
S16E05,LAKE
S16E10,LAKE
S16E12,LAKE
S17E03,LAKE
S17E05,LAKE
S17E08,LAKE
S17E09,LAKE
S17E13,LAKE
S18E01,LAKE
S18E05,LAKE
S18E06,LAKE
S18E08,LAKE
S19E02,LAKE
S19E05,LAKE
S19E11,LAKE
S20E01,LAKE
S20E05,LAKE
S20E13,LAKE
S21E01,LAKE
S21E06,LAKE
S21E07,LAKE
S21E12,LAKE
S22E09,LAKE
S23E03,LAKE
S23E05,LAKE
S23E07,LAKE
S23E11,LAKE
S23E13,LAKE
S24E02,LAKE
S24E06,LAKE
S24E09,LAKE
S24E11,LAKE
S25E01,LAKE
S25E03,LAKE
S25E04,LAKE
S25E05,LAKE
S25E07,LAKE
S25E08,LAKE
S25E11,LAKE
S26E04,LAKE
S26E06,LAKE
S26E07,LAKE
S26E08,LAKE
S26E12,LAKE
S27E01,LAKE
S27E02,LAKE
S27E06,LAKE
S27E13,LAKE
S28E01,LAKE
S28E06,LAKE
S28E10,LAKE
S28E12,LAKE
S29E01,LAKE
S29E02,LAKE
S29E03,LAKE
S29E06,LAKE
S29E08,LAKE
S29E12,LAKE
S29E13,LAKE
S30E02,LAKE
S30E03,LAKE
S30E05,LAKE
S30E06,LAKE
S30E08,LAKE
S30E11,LAKE
S31E01,LAKE
S31E04,LAKE
S31E07,LAKE
S31E11,LAKE
S03E08,LIGHTHOUSE
S03E09,MILL
S17E10,MILL
S01E06,MOON
S03E02,MOON
S19E12,MOON
S01E02,MOUNTAIN
S01E03,MOUNTAIN
S01E04,MOUNTAIN
S01E06,MOUNTAIN
S01E07,MOUNTAIN
S01E08,MOUNTAIN
S01E10,MOUNTAIN
S01E12,MOUNTAIN
S01E13,MOUNTAIN
S02E01,MOUNTAIN
S02E04,MOUNTAIN
S02E07,MOUNTAIN
S02E08,MOUNTAIN
S02E12,MOUNTAIN
S02E13,MOUNTAIN
S03E01,MOUNTAIN
S03E05,MOUNTAIN
S03E07,MOUNTAIN
S03E12,MOUNTAIN
S03E13,MOUNTAIN
S04E02,MOUNTAIN
S04E03,MOUNTAIN
S04E09,MOUNTAIN
S04E11,MOUNTAIN
S04E13,MOUNTAIN
S05E01,MOUNTAIN
S05E03,MOUNTAIN
S05E08,MOUNTAIN
S05E11,MOUNTAIN
S06E03,MOUNTAIN
S06E07,MOUNTAIN
S06E08,MOUNTAIN
S06E11,MOUNTAIN
S07E04,MOUNTAIN
S07E08,MOUNTAIN
S07E09,MOUNTAIN
S07E10,MOUNTAIN
S08E01,MOUNTAIN
S08E06,MOUNTAIN
S08E08,MOUNTAIN
S08E11,MOUNTAIN
S08E13,MOUNTAIN
S09E01,MOUNTAIN
S09E04,MOUNTAIN
S09E05,MOUNTAIN
S09E07,MOUNTAIN
S09E08,MOUNTAIN
S09E09,MOUNTAIN
S09E11,MOUNTAIN
S09E12,MOUNTAIN
S09E13,MOUNTAIN
S10E01,MOUNTAIN
S10E06,MOUNTAIN
S10E09,MOUNTAIN
S10E11,MOUNTAIN
S10E12,MOUNTAIN
S11E01,MOUNTAIN
S11E05,MOUNTAIN
S11E08,MOUNTAIN
S12E02,MOUNTAIN
S12E03,MOUNTAIN
S12E06,MOUNTAIN
S12E07,MOUNTAIN
S12E10,MOUNTAIN
S12E11,MOUNTAIN
S12E12,MOUNTAIN
S12E13,MOUNTAIN
S13E02,MOUNTAIN
S13E03,MOUNTAIN
S13E05,MOUNTAIN
S13E08,MOUNTAIN
S13E10,MOUNTAIN
S13E11,MOUNTAIN
S13E13,MOUNTAIN
S14E01,MOUNTAIN
S14E03,MOUNTAIN
S14E05,MOUNTAIN
S14E06,MOUNTAIN
S14E08,MOUNTAIN
S14E10,MOUNTAIN
S14E13,MOUNTAIN
S15E05,MOUNTAIN
S15E08,MOUNTAIN
S15E09,MOUNTAIN
S15E13,MOUNTAIN
S16E01,MOUNTAIN
S16E05,MOUNTAIN
S16E12,MOUNTAIN
S17E03,MOUNTAIN
S17E07,MOUNTAIN
S17E12,MOUNTAIN
S17E13,MOUNTAIN
S18E01,MOUNTAIN
S18E03,MOUNTAIN
S18E06,MOUNTAIN
S18E12,MOUNTAIN
S19E02,MOUNTAIN
S19E05,MOUNTAIN
S19E08,MOUNTAIN
S19E13,MOUNTAIN
S20E01,MOUNTAIN
S20E03,MOUNTAIN
S20E05,MOUNTAIN
S20E07,MOUNTAIN
S20E09,MOUNTAIN
S20E11,MOUNTAIN
S20E13,MOUNTAIN
S21E01,MOUNTAIN
S21E03,MOUNTAIN
S21E06,MOUNTAIN
S21E10,MOUNTAIN
S21E11,MOUNTAIN
S21E12,MOUNTAIN
S22E02,MOUNTAIN
S22E07,MOUNTAIN
S22E09,MOUNTAIN
S22E10,MOUNTAIN
S23E03,MOUNTAIN
S23E08,MOUNTAIN
S23E10,MOUNTAIN
S23E13,MOUNTAIN
S24E01,MOUNTAIN
S24E03,MOUNTAIN
S24E05,MOUNTAIN
S24E06,MOUNTAIN
S24E11,MOUNTAIN
S25E01,MOUNTAIN
S25E03,MOUNTAIN
S25E05,MOUNTAIN
S25E12,MOUNTAIN
S26E03,MOUNTAIN
S26E04,MOUNTAIN
S26E06,MOUNTAIN
S26E08,MOUNTAIN
S26E12,MOUNTAIN
S27E02,MOUNTAIN
S27E04,MOUNTAIN
S27E07,MOUNTAIN
S27E11,MOUNTAIN
S28E01,MOUNTAIN
S28E03,MOUNTAIN
S28E06,MOUNTAIN
S28E09,MOUNTAIN
S28E12,MOUNTAIN
S29E03,MOUNTAIN
S29E04,MOUNTAIN
S29E06,MOUNTAIN
S29E08,MOUNTAIN
S29E11,MOUNTAIN
S29E13,MOUNTAIN
S30E02,MOUNTAIN
S30E06,MOUNTAIN
S30E09,MOUNTAIN
S30E11,MOUNTAIN
S30E13,MOUNTAIN
S31E01,MOUNTAIN
S31E06,MOUNTAIN
S31E09,MOUNTAIN
S31E11,MOUNTAIN
S31E13,MOUNTAIN
S01E03,MOUNTAINS
S01E06,MOUNTAINS
S01E07,MOUNTAINS
S01E08,MOUNTAINS
S01E12,MOUNTAINS
S02E04,MOUNTAINS
S02E07,MOUNTAINS
S02E12,MOUNTAINS
S02E13,MOUNTAINS
S03E01,MOUNTAINS
S03E05,MOUNTAINS
S03E07,MOUNTAINS
S03E12,MOUNTAINS
S04E02,MOUNTAINS
S04E03,MOUNTAINS
S04E09,MOUNTAINS
S04E11,MOUNTAINS
S05E01,MOUNTAINS
S05E03,MOUNTAINS
S05E08,MOUNTAINS
S06E07,MOUNTAINS
S06E11,MOUNTAINS
S07E04,MOUNTAINS
S07E10,MOUNTAINS
S08E01,MOUNTAINS
S08E06,MOUNTAINS
S08E08,MOUNTAINS
S08E11,MOUNTAINS
S09E01,MOUNTAINS
S09E04,MOUNTAINS
S09E07,MOUNTAINS
S09E11,MOUNTAINS
S09E13,MOUNTAINS
S10E06,MOUNTAINS
S10E09,MOUNTAINS
S10E11,MOUNTAINS
S10E12,MOUNTAINS
S12E02,MOUNTAINS
S12E06,MOUNTAINS
S12E12,MOUNTAINS
S12E13,MOUNTAINS
S13E02,MOUNTAINS
S13E05,MOUNTAINS
S13E08,MOUNTAINS
S13E11,MOUNTAINS
S13E13,MOUNTAINS
S14E01,MOUNTAINS
S14E03,MOUNTAINS
S14E05,MOUNTAINS
S14E06,MOUNTAINS
S14E10,MOUNTAINS
S15E05,MOUNTAINS
S15E08,MOUNTAINS
S15E09,MOUNTAINS
S15E13,MOUNTAINS
S16E05,MOUNTAINS
S17E03,MOUNTAINS
S17E07,MOUNTAINS
S18E01,MOUNTAINS
S18E03,MOUNTAINS
S18E06,MOUNTAINS
S18E12,MOUNTAINS
S19E05,MOUNTAINS
S19E13,MOUNTAINS
S20E03,MOUNTAINS
S20E05,MOUNTAINS
S20E07,MOUNTAINS
S20E11,MOUNTAINS
S20E13,MOUNTAINS
S21E01,MOUNTAINS
S21E03,MOUNTAINS
S21E10,MOUNTAINS
S22E02,MOUNTAINS
S22E07,MOUNTAINS
S22E09,MOUNTAINS
S22E10,MOUNTAINS
S23E03,MOUNTAINS
S23E13,MOUNTAINS
S24E06,MOUNTAINS
S24E11,MOUNTAINS
S25E05,MOUNTAINS
S26E06,MOUNTAINS
S27E02,MOUNTAINS
S27E04,MOUNTAINS
S27E07,MOUNTAINS
S28E01,MOUNTAINS
S28E09,MOUNTAINS
S29E02,MOUNTAINS
S29E03,MOUNTAINS
S29E04,MOUNTAINS
S29E06,MOUNTAINS
S29E08,MOUNTAINS
S29E13,MOUNTAINS
S30E09,MOUNTAINS
S30E11,MOUNTAINS
S31E01,MOUNTAINS
S31E06,MOUNTAINS
S31E09,MOUNTAINS
S31E11,MOUNTAINS
S01E06,NIGHT
S03E02,NIGHT
S03E08,NIGHT
S08E13,NIGHT
S12E05,NIGHT
S13E12,NIGHT
S14E03,NIGHT
S19E12,NIGHT
S26E13,NIGHT
S28E13,NIGHT
S29E12,NIGHT
S01E09,OCEAN
S02E03,OCEAN
S02E09,OCEAN
S03E02,OCEAN
S03E08,OCEAN
S04E05,OCEAN
S05E06,OCEAN
S05E09,OCEAN
S09E02,OCEAN
S09E06,OCEAN
S09E12,OCEAN
S10E05,OCEAN
S10E10,OCEAN
S11E10,OCEAN
S12E05,OCEAN
S12E09,OCEAN
S13E12,OCEAN
S14E07,OCEAN
S15E06,OCEAN
S16E08,OCEAN
S17E04,OCEAN
S18E09,OCEAN
S19E09,OCEAN
S20E06,OCEAN
S21E08,OCEAN
S21E13,OCEAN
S22E11,OCEAN
S23E12,OCEAN
S24E10,OCEAN
S25E10,OCEAN
S26E11,OCEAN
S27E09,OCEAN
S28E11,OCEAN
S29E09,OCEAN
S30E10,OCEAN
S31E10,OCEAN
S09E05,OVAL_FRAME
S10E09,OVAL_FRAME
S11E06,OVAL_FRAME
S11E08,OVAL_FRAME
S12E12,OVAL_FRAME
S13E03,OVAL_FRAME
S13E12,OVAL_FRAME
S14E03,OVAL_FRAME
S14E09,OVAL_FRAME
S14E12,OVAL_FRAME
S15E05,OVAL_FRAME
S15E10,OVAL_FRAME
S16E09,OVAL_FRAME
S16E13,OVAL_FRAME
S17E01,OVAL_FRAME
S17E05,OVAL_FRAME
S19E03,OVAL_FRAME
S19E07,OVAL_FRAME
S20E04,OVAL_FRAME
S21E05,OVAL_FRAME
S21E11,OVAL_FRAME
S22E04,OVAL_FRAME
S22E09,OVAL_FRAME
S22E11,OVAL_FRAME
S23E04,OVAL_FRAME
S23E09,OVAL_FRAME
S23E13,OVAL_FRAME
S24E04,OVAL_FRAME
S24E09,OVAL_FRAME
S24E10,OVAL_FRAME
S25E02,OVAL_FRAME
S25E10,OVAL_FRAME
S26E08,OVAL_FRAME
S27E01,OVAL_FRAME
S27E06,OVAL_FRAME
S27E09,OVAL_FRAME
S29E02,OVAL_FRAME
S31E05,OVAL_FRAME
S03E02,PALM_TREES
S12E09,PALM_TREES
S14E07,PALM_TREES
S16E08,PALM_TREES
S21E13,PALM_TREES
S25E10,PALM_TREES
S27E09,PALM_TREES
S29E09,PALM_TREES
S31E10,PALM_TREES
S03E06,PATH
S04E07,PATH
S05E10,PATH
S07E07,PATH
S08E04,PATH
S08E05,PATH
S08E10,PATH
S09E04,PATH
S09E08,PATH
S10E11,PATH
S10E13,PATH
S11E07,PATH
S11E12,PATH
S12E04,PATH
S13E07,PATH
S13E13,PATH
S14E01,PATH
S14E09,PATH
S15E03,PATH
S15E10,PATH
S15E11,PATH
S16E02,PATH
S17E02,PATH
S17E11,PATH
S18E11,PATH
S18E12,PATH
S19E10,PATH
S20E02,PATH
S20E10,PATH
S20E12,PATH
S21E05,PATH
S21E11,PATH
S22E09,PATH
S23E02,PATH
S23E07,PATH
S24E07,PATH
S25E12,PATH
S26E02,PATH
S26E04,PATH
S27E07,PATH
S28E01,PATH
S28E07,PATH
S29E04,PATH
S29E05,PATH
S30E04,PATH
S30E12,PATH
S31E07,PATH
S31E08,PATH
S31E12,PATH
S03E10,PERSON
S05E12,PORTRAIT
S07E05,PORTRAIT
S16E06,PORTRAIT
S22E07,RECTANGLE_3D_FRAME
S08E09,RECTANGULAR_FRAME
S01E01,RIVER
S01E05,RIVER
S02E06,RIVER
S02E10,RIVER
S02E11,RIVER
S03E03,RIVER
S03E09,RIVER
S04E10,RIVER
S05E07,RIVER
S05E08,RIVER
S05E13,RIVER
S06E01,RIVER
S06E04,RIVER
S06E05,RIVER
S06E07,RIVER
S06E11,RIVER
S06E13,RIVER
S07E03,RIVER
S07E04,RIVER
S07E06,RIVER
S07E08,RIVER
S07E13,RIVER
S08E05,RIVER
S08E06,RIVER
S08E08,RIVER
S09E05,RIVER
S09E07,RIVER
S09E09,RIVER
S09E11,RIVER
S09E13,RIVER
S10E03,RIVER
S10E04,RIVER
S11E01,RIVER
S11E04,RIVER
S11E05,RIVER
S11E13,RIVER
S12E02,RIVER
S12E04,RIVER
S12E07,RIVER
S12E08,RIVER
S12E10,RIVER
S12E11,RIVER
S12E12,RIVER
S12E13,RIVER
S13E03,RIVER
S13E04,RIVER
S13E05,RIVER
S13E06,RIVER
S13E07,RIVER
S13E08,RIVER
S13E10,RIVER
S14E02,RIVER
S14E05,RIVER
S14E06,RIVER
S14E08,RIVER
S14E09,RIVER
S15E02,RIVER
S15E08,RIVER
S16E07,RIVER
S16E11,RIVER
S16E13,RIVER
S17E01,RIVER
S17E06,RIVER
S17E07,RIVER
S17E10,RIVER
S17E12,RIVER
S18E02,RIVER
S18E03,RIVER
S18E04,RIVER
S18E07,RIVER
S18E10,RIVER
S18E13,RIVER
S19E01,RIVER
S19E03,RIVER
S19E06,RIVER
S19E07,RIVER
S19E08,RIVER
S19E13,RIVER
S20E04,RIVER
S20E07,RIVER
S20E08,RIVER
S20E09,RIVER
S20E11,RIVER
S20E12,RIVER
S21E02,RIVER
S21E03,RIVER
S21E04,RIVER
S21E10,RIVER
S22E01,RIVER
S22E02,RIVER
S22E03,RIVER
S22E04,RIVER
S22E06,RIVER
S22E07,RIVER
S22E08,RIVER
S22E12,RIVER
S22E13,RIVER
S23E04,RIVER
S23E06,RIVER
S23E08,RIVER
S23E09,RIVER
S23E10,RIVER
S24E01,RIVER
S24E05,RIVER
S24E08,RIVER
S24E12,RIVER
S25E02,RIVER
S25E04,RIVER
S25E09,RIVER
S26E01,RIVER
S26E05,RIVER
S26E09,RIVER
S26E13,RIVER
S27E04,RIVER
S27E10,RIVER
S27E12,RIVER
S28E08,RIVER
S29E06,RIVER
S29E07,RIVER
S30E01,RIVER
S30E09,RIVER
S30E13,RIVER
S31E02,RIVER
S31E03,RIVER
S31E05,RIVER
S31E06,RIVER
S01E05,ROCKS
S02E09,ROCKS
S02E11,ROCKS
S03E03,ROCKS
S04E05,ROCKS
S05E07,ROCKS
S05E11,ROCKS
S05E13,ROCKS
S06E04,ROCKS
S06E09,ROCKS
S07E02,ROCKS
S08E04,ROCKS
S08E05,ROCKS
S08E10,ROCKS
S09E02,ROCKS
S09E06,ROCKS
S09E07,ROCKS
S10E03,ROCKS
S10E04,ROCKS
S10E05,ROCKS
S10E10,ROCKS
S10E13,ROCKS
S11E05,ROCKS
S11E07,ROCKS
S11E10,ROCKS
S11E13,ROCKS
S12E02,ROCKS
S12E03,ROCKS
S12E05,ROCKS
S13E04,ROCKS
S13E05,ROCKS
S13E12,ROCKS
S14E05,ROCKS
S15E06,ROCKS
S15E08,ROCKS
S15E12,ROCKS
S16E07,ROCKS
S16E11,ROCKS
S16E13,ROCKS
S17E04,ROCKS
S17E07,ROCKS
S17E10,ROCKS
S18E13,ROCKS
S19E06,ROCKS
S19E09,ROCKS
S19E11,ROCKS
S20E04,ROCKS
S20E05,ROCKS
S20E06,ROCKS
S21E03,ROCKS
S21E07,ROCKS
S21E08,ROCKS
S22E03,ROCKS
S22E12,ROCKS
S23E05,ROCKS
S23E08,ROCKS
S23E12,ROCKS
S24E05,ROCKS
S24E06,ROCKS
S24E08,ROCKS
S24E12,ROCKS
S25E06,ROCKS
S25E09,ROCKS
S26E09,ROCKS
S26E11,ROCKS
S27E02,ROCKS
S27E04,ROCKS
S27E09,ROCKS
S27E13,ROCKS
S28E06,ROCKS
S29E09,ROCKS
S30E10,ROCKS
S30E13,ROCKS
S31E03,ROCKS
S31E04,ROCKS
S31E09,ROCKS
S31E10,ROCKS
S31E10,SEASHELL_FRAME
S01E02,SNOW
S01E06,SNOW
S02E02,SNOW
S02E04,SNOW
S03E04,SNOW
S04E01,SNOW
S04E04,SNOW
S05E03,SNOW
S05E04,SNOW
S06E06,SNOW
S07E01,SNOW
S07E07,SNOW
S07E11,SNOW
S08E03,SNOW
S08E07,SNOW
S08E12,SNOW
S08E13,SNOW
S09E01,SNOW
S10E07,SNOW
S10E08,SNOW
S10E12,SNOW
S11E02,SNOW
S11E06,SNOW
S11E09,SNOW
S11E11,SNOW
S12E13,SNOW
S13E02,SNOW
S13E11,SNOW
S14E04,SNOW
S14E08,SNOW
S15E01,SNOW
S15E09,SNOW
S16E03,SNOW
S16E04,SNOW
S16E09,SNOW
S17E06,SNOW
S18E03,SNOW
S18E08,SNOW
S19E01,SNOW
S19E04,SNOW
S19E07,SNOW
S19E11,SNOW
S19E12,SNOW
S20E03,SNOW
S20E09,SNOW
S20E13,SNOW
S21E06,SNOW
S21E10,SNOW
S22E05,SNOW
S22E10,SNOW
S23E01,SNOW
S23E04,SNOW
S23E11,SNOW
S23E13,SNOW
S24E03,SNOW
S24E09,SNOW
S24E11,SNOW
S24E13,SNOW
S25E03,SNOW
S25E13,SNOW
S26E03,SNOW
S26E06,SNOW
S26E07,SNOW
S27E03,SNOW
S27E05,SNOW
S27E08,SNOW
S27E11,SNOW
S28E02,SNOW
S28E09,SNOW
S29E03,SNOW
S29E11,SNOW
S29E12,SNOW
S30E07,SNOW
S31E05,SNOW
S31E12,SNOW
S01E02,SNOWY_MOUNTAIN
S01E04,SNOWY_MOUNTAIN
S01E06,SNOWY_MOUNTAIN
S01E07,SNOWY_MOUNTAIN
S01E12,SNOWY_MOUNTAIN
S01E13,SNOWY_MOUNTAIN
S02E01,SNOWY_MOUNTAIN
S02E04,SNOWY_MOUNTAIN
S02E08,SNOWY_MOUNTAIN
S02E12,SNOWY_MOUNTAIN
S02E13,SNOWY_MOUNTAIN
S03E13,SNOWY_MOUNTAIN
S04E03,SNOWY_MOUNTAIN
S04E09,SNOWY_MOUNTAIN
S04E11,SNOWY_MOUNTAIN
S04E13,SNOWY_MOUNTAIN
S05E01,SNOWY_MOUNTAIN
S05E03,SNOWY_MOUNTAIN
S05E11,SNOWY_MOUNTAIN
S06E03,SNOWY_MOUNTAIN
S06E07,SNOWY_MOUNTAIN
S06E08,SNOWY_MOUNTAIN
S07E04,SNOWY_MOUNTAIN
S07E08,SNOWY_MOUNTAIN
S07E09,SNOWY_MOUNTAIN
S07E10,SNOWY_MOUNTAIN
S08E08,SNOWY_MOUNTAIN
S08E11,SNOWY_MOUNTAIN
S08E13,SNOWY_MOUNTAIN
S09E01,SNOWY_MOUNTAIN
S09E04,SNOWY_MOUNTAIN
S09E05,SNOWY_MOUNTAIN
S09E07,SNOWY_MOUNTAIN
S09E09,SNOWY_MOUNTAIN
S09E12,SNOWY_MOUNTAIN
S09E13,SNOWY_MOUNTAIN
S10E01,SNOWY_MOUNTAIN
S10E06,SNOWY_MOUNTAIN
S10E09,SNOWY_MOUNTAIN
S10E11,SNOWY_MOUNTAIN
S10E12,SNOWY_MOUNTAIN
S11E01,SNOWY_MOUNTAIN
S11E05,SNOWY_MOUNTAIN
S11E08,SNOWY_MOUNTAIN
S12E02,SNOWY_MOUNTAIN
S12E07,SNOWY_MOUNTAIN
S12E10,SNOWY_MOUNTAIN
S12E11,SNOWY_MOUNTAIN
S12E13,SNOWY_MOUNTAIN
S13E02,SNOWY_MOUNTAIN
S13E08,SNOWY_MOUNTAIN
S13E10,SNOWY_MOUNTAIN
S13E13,SNOWY_MOUNTAIN
S14E01,SNOWY_MOUNTAIN
S14E06,SNOWY_MOUNTAIN
S14E08,SNOWY_MOUNTAIN
S14E10,SNOWY_MOUNTAIN
S14E13,SNOWY_MOUNTAIN
S15E05,SNOWY_MOUNTAIN
S15E09,SNOWY_MOUNTAIN
S16E01,SNOWY_MOUNTAIN
S16E05,SNOWY_MOUNTAIN
S16E12,SNOWY_MOUNTAIN
S17E12,SNOWY_MOUNTAIN
S17E13,SNOWY_MOUNTAIN
S18E06,SNOWY_MOUNTAIN
S19E13,SNOWY_MOUNTAIN
S20E01,SNOWY_MOUNTAIN
S20E03,SNOWY_MOUNTAIN
S20E05,SNOWY_MOUNTAIN
S20E07,SNOWY_MOUNTAIN
S20E09,SNOWY_MOUNTAIN
S20E11,SNOWY_MOUNTAIN
S20E13,SNOWY_MOUNTAIN
S21E01,SNOWY_MOUNTAIN
S21E03,SNOWY_MOUNTAIN
S21E06,SNOWY_MOUNTAIN
S21E10,SNOWY_MOUNTAIN
S21E12,SNOWY_MOUNTAIN
S22E02,SNOWY_MOUNTAIN
S22E07,SNOWY_MOUNTAIN
S22E09,SNOWY_MOUNTAIN
S23E08,SNOWY_MOUNTAIN
S23E13,SNOWY_MOUNTAIN
S24E01,SNOWY_MOUNTAIN
S24E03,SNOWY_MOUNTAIN
S24E05,SNOWY_MOUNTAIN
S24E11,SNOWY_MOUNTAIN
S25E01,SNOWY_MOUNTAIN
S25E03,SNOWY_MOUNTAIN
S25E05,SNOWY_MOUNTAIN
S26E03,SNOWY_MOUNTAIN
S26E04,SNOWY_MOUNTAIN
S26E06,SNOWY_MOUNTAIN
S27E02,SNOWY_MOUNTAIN
S27E11,SNOWY_MOUNTAIN
S28E01,SNOWY_MOUNTAIN
S28E03,SNOWY_MOUNTAIN
S28E06,SNOWY_MOUNTAIN
S28E12,SNOWY_MOUNTAIN
S29E03,SNOWY_MOUNTAIN
S29E06,SNOWY_MOUNTAIN
S29E11,SNOWY_MOUNTAIN
S29E13,SNOWY_MOUNTAIN
S30E02,SNOWY_MOUNTAIN
S30E09,SNOWY_MOUNTAIN
S30E11,SNOWY_MOUNTAIN
S31E09,SNOWY_MOUNTAIN
S31E11,SNOWY_MOUNTAIN
S29E03,SPLIT_FRAME
S03E13,STEVE_ROSS
S07E09,STEVE_ROSS
S08E11,STEVE_ROSS
S10E09,STEVE_ROSS
S14E10,STEVE_ROSS
S16E10,STEVE_ROSS
S17E09,STEVE_ROSS
S24E09,STEVE_ROSS
S25E05,STEVE_ROSS
S30E09,STEVE_ROSS
S31E11,STEVE_ROSS
S01E03,STRUCTURE
S01E06,STRUCTURE
S02E04,STRUCTURE
S03E01,STRUCTURE
S03E04,STRUCTURE
S03E06,STRUCTURE
S03E08,STRUCTURE
S03E09,STRUCTURE
S03E11,STRUCTURE
S04E01,STRUCTURE
S04E04,STRUCTURE
S04E07,STRUCTURE
S05E10,STRUCTURE
S05E13,STRUCTURE
S06E02,STRUCTURE
S07E01,STRUCTURE
S07E04,STRUCTURE
S07E07,STRUCTURE
S07E12,STRUCTURE
S08E02,STRUCTURE
S08E03,STRUCTURE
S08E05,STRUCTURE
S08E07,STRUCTURE
S08E12,STRUCTURE
S08E13,STRUCTURE
S09E05,STRUCTURE
S09E08,STRUCTURE
S10E02,STRUCTURE
S10E04,STRUCTURE
S10E11,STRUCTURE
S10E13,STRUCTURE
S11E02,STRUCTURE
S11E06,STRUCTURE
S11E09,STRUCTURE
S11E12,STRUCTURE
S12E01,STRUCTURE
S12E06,STRUCTURE
S13E02,STRUCTURE
S13E04,STRUCTURE
S13E11,STRUCTURE
S15E03,STRUCTURE
S15E05,STRUCTURE
S15E07,STRUCTURE
S15E09,STRUCTURE
S15E11,STRUCTURE
S16E02,STRUCTURE
S16E03,STRUCTURE
S16E09,STRUCTURE
S17E02,STRUCTURE
S17E05,STRUCTURE
S17E08,STRUCTURE
S17E10,STRUCTURE
S18E03,STRUCTURE
S19E04,STRUCTURE
S19E07,STRUCTURE
S19E12,STRUCTURE
S20E02,STRUCTURE
S20E10,STRUCTURE
S21E05,STRUCTURE
S21E07,STRUCTURE
S22E05,STRUCTURE
S22E09,STRUCTURE
S23E09,STRUCTURE
S23E11,STRUCTURE
S24E03,STRUCTURE
S24E04,STRUCTURE
S24E12,STRUCTURE
S25E11,STRUCTURE
S26E02,STRUCTURE
S26E06,STRUCTURE
S27E05,STRUCTURE
S27E06,STRUCTURE
S27E07,STRUCTURE
S27E08,STRUCTURE
S27E11,STRUCTURE
S28E02,STRUCTURE
S28E13,STRUCTURE
S29E05,STRUCTURE
S29E08,STRUCTURE
S29E11,STRUCTURE
S30E03,STRUCTURE
S30E08,STRUCTURE
S31E02,STRUCTURE
S31E07,STRUCTURE
S31E12,STRUCTURE
S01E03,SUN
S02E02,SUN
S02E03,SUN
S02E09,SUN
S05E06,SUN
S07E03,SUN
S08E03,SUN
S09E01,SUN
S10E08,SUN
S10E12,SUN
S11E10,SUN
S12E01,SUN
S12E12,SUN
S14E08,SUN
S15E01,SUN
S17E04,SUN
S18E13,SUN
S19E03,SUN
S19E09,SUN
S20E02,SUN
S20E12,SUN
S21E02,SUN
S21E08,SUN
S22E11,SUN
S23E04,SUN
S23E12,SUN
S24E10,SUN
S25E11,SUN
S26E04,SUN
S27E01,SUN
S27E03,SUN
S27E10,SUN
S27E12,SUN
S27E13,SUN
S28E02,SUN
S28E04,SUN
S28E10,SUN
S28E11,SUN
S29E04,SUN
S30E12,SUN
S14E05,TOMB_FRAME
S01E01,TREE
S01E02,TREE
S01E03,TREE
S01E04,TREE
S01E05,TREE
S01E06,TREE
S01E07,TREE
S01E08,TREE
S01E10,TREE
S01E11,TREE
S01E12,TREE
S01E13,TREE
S02E01,TREE
S02E02,TREE
S02E03,TREE
S02E04,TREE
S02E05,TREE
S02E06,TREE
S02E07,TREE
S02E08,TREE
S02E09,TREE
S02E10,TREE
S02E11,TREE
S02E12,TREE
S02E13,TREE
S03E01,TREE
S03E02,TREE
S03E03,TREE
S03E04,TREE
S03E05,TREE
S03E06,TREE
S03E07,TREE
S03E09,TREE
S03E10,TREE
S03E11,TREE
S03E12,TREE
S03E13,TREE
S04E01,TREE
S04E02,TREE
S04E03,TREE
S04E04,TREE
S04E05,TREE
S04E06,TREE
S04E07,TREE
S04E08,TREE
S04E09,TREE
S04E10,TREE
S04E11,TREE
S04E12,TREE
S04E13,TREE
S05E01,TREE
S05E02,TREE
S05E03,TREE
S05E04,TREE
S05E05,TREE
S05E07,TREE
S05E08,TREE
S05E10,TREE
S05E11,TREE
S05E13,TREE
S06E01,TREE
S06E02,TREE
S06E03,TREE
S06E04,TREE
S06E05,TREE
S06E06,TREE
S06E07,TREE
S06E08,TREE
S06E09,TREE
S06E11,TREE
S06E12,TREE
S06E13,TREE
S07E01,TREE
S07E02,TREE
S07E03,TREE
S07E04,TREE
S07E06,TREE
S07E07,TREE
S07E08,TREE
S07E09,TREE
S07E10,TREE
S07E11,TREE
S07E12,TREE
S07E13,TREE
S08E01,TREE
S08E02,TREE
S08E03,TREE
S08E04,TREE
S08E05,TREE
S08E06,TREE
S08E07,TREE
S08E08,TREE
S08E09,TREE
S08E11,TREE
S08E12,TREE
S08E13,TREE
S09E01,TREE
S09E03,TREE
S09E04,TREE
S09E05,TREE
S09E07,TREE
S09E08,TREE
S09E09,TREE
S09E11,TREE
S09E12,TREE
S09E13,TREE
S10E01,TREE
S10E02,TREE
S10E03,TREE
S10E04,TREE
S10E06,TREE
S10E07,TREE
S10E08,TREE
S10E09,TREE
S10E11,TREE
S10E12,TREE
S10E13,TREE
S11E01,TREE
S11E02,TREE
S11E03,TREE
S11E04,TREE
S11E05,TREE
S11E06,TREE
S11E07,TREE
S11E08,TREE
S11E09,TREE
S11E11,TREE
S11E12,TREE
S11E13,TREE
S12E01,TREE
S12E02,TREE
S12E03,TREE
S12E04,TREE
S12E06,TREE
S12E07,TREE
S12E08,TREE
S12E10,TREE
S12E11,TREE
S12E12,TREE
S12E13,TREE
S13E01,TREE
S13E02,TREE
S13E03,TREE
S13E04,TREE
S13E05,TREE
S13E06,TREE
S13E07,TREE
S13E08,TREE
S13E09,TREE
S13E10,TREE
S13E11,TREE
S13E12,TREE
S13E13,TREE
S14E01,TREE
S14E02,TREE
S14E03,TREE
S14E04,TREE
S14E05,TREE
S14E06,TREE
S14E08,TREE
S14E09,TREE
S14E10,TREE
S14E11,TREE
S14E12,TREE
S14E13,TREE
S15E01,TREE
S15E02,TREE
S15E03,TREE
S15E05,TREE
S15E07,TREE
S15E08,TREE
S15E09,TREE
S15E10,TREE
S15E11,TREE
S15E12,TREE
S15E13,TREE
S16E01,TREE
S16E02,TREE
S16E03,TREE
S16E04,TREE
S16E05,TREE
S16E07,TREE
S16E09,TREE
S16E10,TREE
S16E11,TREE
S16E13,TREE
S17E01,TREE
S17E02,TREE
S17E03,TREE
S17E05,TREE
S17E06,TREE
S17E07,TREE
S17E08,TREE
S17E09,TREE
S17E10,TREE
S17E11,TREE
S17E12,TREE
S17E13,TREE
S18E01,TREE
S18E02,TREE
S18E03,TREE
S18E04,TREE
S18E05,TREE
S18E06,TREE
S18E07,TREE
S18E08,TREE
S18E10,TREE
S18E11,TREE
S18E13,TREE
S19E01,TREE
S19E02,TREE
S19E03,TREE
S19E04,TREE
S19E05,TREE
S19E06,TREE
S19E07,TREE
S19E08,TREE
S19E10,TREE
S19E11,TREE
S19E12,TREE
S19E13,TREE
S20E01,TREE
S20E02,TREE
S20E03,TREE
S20E04,TREE
S20E05,TREE
S20E07,TREE
S20E08,TREE
S20E09,TREE
S20E10,TREE
S20E11,TREE
S20E12,TREE
S20E13,TREE
S21E01,TREE
S21E02,TREE
S21E03,TREE
S21E04,TREE
S21E05,TREE
S21E06,TREE
S21E07,TREE
S21E08,TREE
S21E09,TREE
S21E10,TREE
S21E12,TREE
S22E01,TREE
S22E02,TREE
S22E03,TREE
S22E04,TREE
S22E05,TREE
S22E06,TREE
S22E07,TREE
S22E08,TREE
S22E09,TREE
S22E10,TREE
S22E12,TREE
S22E13,TREE
S23E01,TREE
S23E02,TREE
S23E03,TREE
S23E04,TREE
S23E05,TREE
S23E06,TREE
S23E07,TREE
S23E08,TREE
S23E09,TREE
S23E10,TREE
S23E11,TREE
S23E13,TREE
S24E01,TREE
S24E02,TREE
S24E03,TREE
S24E04,TREE
S24E05,TREE
S24E06,TREE
S24E07,TREE
S24E08,TREE
S24E09,TREE
S24E11,TREE
S24E12,TREE
S24E13,TREE
S25E01,TREE
S25E02,TREE
S25E03,TREE
S25E04,TREE
S25E05,TREE
S25E06,TREE
S25E07,TREE
S25E08,TREE
S25E09,TREE
S25E11,TREE
S25E13,TREE
S26E01,TREE
S26E02,TREE
S26E03,TREE
S26E04,TREE
S26E05,TREE
S26E06,TREE
S26E07,TREE
S26E08,TREE
S26E09,TREE
S26E12,TREE
S26E13,TREE
S27E01,TREE
S27E02,TREE
S27E03,TREE
S27E04,TREE
S27E05,TREE
S27E06,TREE
S27E07,TREE
S27E08,TREE
S27E10,TREE
S27E11,TREE
S27E12,TREE
S27E13,TREE
S28E01,TREE
S28E02,TREE
S28E03,TREE
S28E04,TREE
S28E05,TREE
S28E06,TREE
S28E07,TREE
S28E08,TREE
S28E09,TREE
S28E10,TREE
S28E12,TREE
S28E13,TREE
S29E01,TREE
S29E02,TREE
S29E03,TREE
S29E04,TREE
S29E05,TREE
S29E06,TREE
S29E07,TREE
S29E08,TREE
S29E11,TREE
S29E12,TREE
S29E13,TREE
S30E01,TREE
S30E02,TREE
S30E03,TREE
S30E04,TREE
S30E05,TREE
S30E06,TREE
S30E07,TREE
S30E08,TREE
S30E09,TREE
S30E11,TREE
S30E12,TREE
S30E13,TREE
S31E01,TREE
S31E02,TREE
S31E03,TREE
S31E04,TREE
S31E05,TREE
S31E06,TREE
S31E07,TREE
S31E08,TREE
S31E09,TREE
S31E11,TREE
S31E12,TREE
S31E13,TREE
S01E01,TREES
S01E02,TREES
S01E03,TREES
S01E04,TREES
S01E05,TREES
S01E06,TREES
S01E07,TREES
S01E08,TREES
S01E10,TREES
S01E11,TREES
S01E12,TREES
S01E13,TREES
S02E01,TREES
S02E02,TREES
S02E03,TREES
S02E04,TREES
S02E05,TREES
S02E06,TREES
S02E07,TREES
S02E08,TREES
S02E09,TREES
S02E10,TREES
S02E11,TREES
S02E12,TREES
S02E13,TREES
S03E01,TREES
S03E02,TREES
S03E03,TREES
S03E04,TREES
S03E05,TREES
S03E06,TREES
S03E07,TREES
S03E09,TREES
S03E10,TREES
S03E11,TREES
S03E12,TREES
S03E13,TREES
S04E01,TREES
S04E02,TREES
S04E03,TREES
S04E04,TREES
S04E05,TREES
S04E06,TREES
S04E07,TREES
S04E08,TREES
S04E09,TREES
S04E10,TREES
S04E11,TREES
S04E12,TREES
S05E01,TREES
S05E02,TREES
S05E03,TREES
S05E04,TREES
S05E05,TREES
S05E07,TREES
S05E08,TREES
S05E11,TREES
S05E13,TREES
S06E01,TREES
S06E02,TREES
S06E03,TREES
S06E04,TREES
S06E05,TREES
S06E06,TREES
S06E07,TREES
S06E08,TREES
S06E09,TREES
S06E12,TREES
S06E13,TREES
S07E02,TREES
S07E03,TREES
S07E04,TREES
S07E06,TREES
S07E07,TREES
S07E08,TREES
S07E09,TREES
S07E10,TREES
S07E11,TREES
S07E13,TREES
S08E01,TREES
S08E02,TREES
S08E03,TREES
S08E04,TREES
S08E05,TREES
S08E06,TREES
S08E07,TREES
S08E08,TREES
S08E09,TREES
S08E11,TREES
S08E13,TREES
S09E01,TREES
S09E03,TREES
S09E04,TREES
S09E05,TREES
S09E07,TREES
S09E08,TREES
S09E09,TREES
S09E11,TREES
S09E13,TREES
S10E01,TREES
S10E02,TREES
S10E03,TREES
S10E04,TREES
S10E06,TREES
S10E07,TREES
S10E08,TREES
S10E09,TREES
S10E11,TREES
S10E12,TREES
S10E13,TREES
S11E01,TREES
S11E02,TREES
S11E03,TREES
S11E04,TREES
S11E05,TREES
S11E06,TREES
S11E07,TREES
S11E08,TREES
S11E09,TREES
S11E11,TREES
S11E12,TREES
S11E13,TREES
S12E02,TREES
S12E03,TREES
S12E04,TREES
S12E06,TREES
S12E07,TREES
S12E08,TREES
S12E10,TREES
S12E11,TREES
S12E12,TREES
S12E13,TREES
S13E01,TREES
S13E02,TREES
S13E03,TREES
S13E04,TREES
S13E05,TREES
S13E06,TREES
S13E07,TREES
S13E08,TREES
S13E09,TREES
S13E10,TREES
S13E11,TREES
S13E12,TREES
S13E13,TREES
S14E01,TREES
S14E02,TREES
S14E03,TREES
S14E04,TREES
S14E05,TREES
S14E06,TREES
S14E08,TREES
S14E09,TREES
S14E11,TREES
S14E12,TREES
S14E13,TREES
S15E01,TREES
S15E02,TREES
S15E03,TREES
S15E05,TREES
S15E07,TREES
S15E08,TREES
S15E09,TREES
S15E10,TREES
S15E11,TREES
S15E12,TREES
S15E13,TREES
S16E01,TREES
S16E02,TREES
S16E03,TREES
S16E04,TREES
S16E05,TREES
S16E07,TREES
S16E09,TREES
S16E10,TREES
S16E11,TREES
S16E13,TREES
S17E01,TREES
S17E03,TREES
S17E06,TREES
S17E07,TREES
S17E08,TREES
S17E09,TREES
S17E11,TREES
S17E12,TREES
S17E13,TREES
S18E01,TREES
S18E02,TREES
S18E03,TREES
S18E04,TREES
S18E05,TREES
S18E06,TREES
S18E07,TREES
S18E08,TREES
S18E10,TREES
S18E11,TREES
S18E13,TREES
S19E01,TREES
S19E02,TREES
S19E03,TREES
S19E04,TREES
S19E05,TREES
S19E06,TREES
S19E07,TREES
S19E08,TREES
S19E10,TREES
S19E11,TREES
S19E12,TREES
S19E13,TREES
S20E01,TREES
S20E02,TREES
S20E03,TREES
S20E04,TREES
S20E05,TREES
S20E07,TREES
S20E09,TREES
S20E10,TREES
S20E11,TREES
S20E12,TREES
S20E13,TREES
S21E01,TREES
S21E02,TREES
S21E03,TREES
S21E04,TREES
S21E05,TREES
S21E06,TREES
S21E07,TREES
S21E09,TREES
S21E10,TREES
S21E12,TREES
S22E01,TREES
S22E02,TREES
S22E03,TREES
S22E04,TREES
S22E06,TREES
S22E07,TREES
S22E08,TREES
S22E09,TREES
S22E10,TREES
S22E12,TREES
S22E13,TREES
S23E01,TREES
S23E02,TREES
S23E04,TREES
S23E05,TREES
S23E06,TREES
S23E07,TREES
S23E09,TREES
S23E10,TREES
S23E11,TREES
S24E01,TREES
S24E02,TREES
S24E03,TREES
S24E04,TREES
S24E05,TREES
S24E06,TREES
S24E07,TREES
S24E08,TREES
S24E09,TREES
S24E11,TREES
S24E12,TREES
S24E13,TREES
S25E01,TREES
S25E02,TREES
S25E03,TREES
S25E04,TREES
S25E05,TREES
S25E06,TREES
S25E07,TREES
S25E09,TREES
S25E11,TREES
S26E01,TREES
S26E02,TREES
S26E03,TREES
S26E04,TREES
S26E05,TREES
S26E06,TREES
S26E07,TREES
S26E08,TREES
S26E09,TREES
S26E12,TREES
S26E13,TREES
S27E01,TREES
S27E02,TREES
S27E03,TREES
S27E04,TREES
S27E05,TREES
S27E06,TREES
S27E07,TREES
S27E08,TREES
S27E10,TREES
S27E11,TREES
S27E12,TREES
S27E13,TREES
S28E01,TREES
S28E02,TREES
S28E03,TREES
S28E04,TREES
S28E06,TREES
S28E07,TREES
S28E08,TREES
S28E09,TREES
S28E10,TREES
S28E12,TREES
S28E13,TREES
S29E01,TREES
S29E02,TREES
S29E03,TREES
S29E04,TREES
S29E06,TREES
S29E07,TREES
S29E08,TREES
S29E11,TREES
S29E12,TREES
S29E13,TREES
S30E03,TREES
S30E04,TREES
S30E05,TREES
S30E06,TREES
S30E07,TREES
S30E08,TREES
S30E09,TREES
S30E11,TREES
S30E12,TREES
S30E13,TREES
S31E01,TREES
S31E02,TREES
S31E03,TREES
S31E04,TREES
S31E05,TREES
S31E06,TREES
S31E07,TREES
S31E08,TREES
S31E09,TREES
S31E11,TREES
S31E12,TREES
S31E13,TREES
S10E11,TRIPLE_FRAME
S02E11,WATERFALL
S02E12,WATERFALL
S05E01,WATERFALL
S06E07,WATERFALL
S07E06,WATERFALL
S07E13,WATERFALL
S10E03,WATERFALL
S11E04,WATERFALL
S11E05,WATERFALL
S11E11,WATERFALL
S12E08,WATERFALL
S14E10,WATERFALL
S16E07,WATERFALL
S16E11,WATERFALL
S17E07,WATERFALL
S17E10,WATERFALL
S18E04,WATERFALL
S18E13,WATERFALL
S19E06,WATERFALL
S19E08,WATERFALL
S19E13,WATERFALL
S21E03,WATERFALL
S21E04,WATERFALL
S22E02,WATERFALL
S22E06,WATERFALL
S22E08,WATERFALL
S23E06,WATERFALL
S23E08,WATERFALL
S23E10,WATERFALL
S24E08,WATERFALL
S25E02,WATERFALL
S25E04,WATERFALL
S25E06,WATERFALL
S26E13,WATERFALL
S27E04,WATERFALL
S28E08,WATERFALL
S29E06,WATERFALL
S30E01,WATERFALL
S30E13,WATERFALL
S02E03,WAVES
S02E09,WAVES
S03E02,WAVES
S03E08,WAVES
S04E05,WAVES
S05E09,WAVES
S09E02,WAVES
S09E06,WAVES
S09E12,WAVES
S10E05,WAVES
S10E10,WAVES
S11E10,WAVES
S12E05,WAVES
S12E09,WAVES
S13E12,WAVES
S14E07,WAVES
S15E06,WAVES
S16E08,WAVES
S17E04,WAVES
S18E09,WAVES
S19E09,WAVES
S20E06,WAVES
S21E08,WAVES
S21E13,WAVES
S22E11,WAVES
S23E12,WAVES
S24E10,WAVES
S25E10,WAVES
S26E11,WAVES
S27E09,WAVES
S28E11,WAVES
S29E09,WAVES
S30E10,WAVES
S31E10,WAVES
S05E10,WINDMILL
S30E07,WINDOW_FRAME
S01E02,WINTER
S01E03,WINTER
S01E06,WINTER
S03E04,WINTER
S04E01,WINTER
S04E04,WINTER
S05E04,WINTER
S07E01,WINTER
S07E11,WINTER
S08E03,WINTER
S08E07,WINTER
S08E12,WINTER
S08E13,WINTER
S09E01,WINTER
S10E07,WINTER
S10E12,WINTER
S11E02,WINTER
S11E06,WINTER
S11E09,WINTER
S12E13,WINTER
S13E02,WINTER
S13E11,WINTER
S14E04,WINTER
S14E08,WINTER
S15E01,WINTER
S15E05,WINTER
S15E09,WINTER
S16E03,WINTER
S16E04,WINTER
S16E09,WINTER
S17E06,WINTER
S18E03,WINTER
S18E08,WINTER
S19E01,WINTER
S19E04,WINTER
S19E07,WINTER
S19E11,WINTER
S19E12,WINTER
S20E03,WINTER
S20E09,WINTER
S20E13,WINTER
S21E06,WINTER
S21E10,WINTER
S22E05,WINTER
S22E10,WINTER
S23E01,WINTER
S23E11,WINTER
S23E13,WINTER
S24E03,WINTER
S24E09,WINTER
S24E11,WINTER
S24E13,WINTER
S25E03,WINTER
S25E13,WINTER
S26E03,WINTER
S26E06,WINTER
S26E07,WINTER
S27E03,WINTER
S27E05,WINTER
S27E08,WINTER
S27E11,WINTER
S28E02,WINTER
S28E09,WINTER
S29E03,WINTER
S29E11,WINTER
S29E12,WINTER
S30E07,WINTER
S31E05,WINTER
S31E12,WINTER
S30E02,WOOD_FRAMED
